espece,observations_inat_libres,taxon_resolu
Monstera dubia,221,Monstera dubia
Monstera standleyana,6,Monstera standleyana
Monstera siltepecana,90,Monstera siltepecana
Monstera subpinnata,2,Monstera subpinnata
Monstera pinnatipartita,65,Monstera pinnatipartita
Monstera tuberculata,121,Monstera tuberculata
Philodendron verrucosum,125,Philodendron verrucosum
Philodendron melanochrysum,8,Philodendron melanochrysum
Philodendron squamiferum,25,Philodendron squamiferum
Philodendron pedatum,81,Philodendron pedatum
"Thaumatophyllum xanadu (Croat, J.Boos & Mayo) Sakur., Calazans & Mayo",-1,
Philodendron brandtianum,19,Philodendron brandtianum
Philodendron atabapoense,3,Philodendron atabapoense
Philodendron billietiae,7,Philodendron billietiae
Philodendron burle-marxii,1,Philodendron burle-marxii
Philodendron hastatum,6,Philodendron hastatum
Philodendron hederaceum var. hederaceum,-1,
Philodendron patriot,-1,
Philodendron rugosum,3,Philodendron rugosum
Philodendron tortum,4,Philodendron tortum
Philodendron tripartitum,23,Philodendron tripartitum
Epipremnum amplissimum,11,Epipremnum amplissimum
Scindapsus treubii,2,Scindapsus treubii
Scindapsus officinalis,13,Scindapsus officinalis
Anthurium veitchii,6,Anthurium veitchii
Anthurium warocqueanum,3,Anthurium warocqueanum
Anthurium hookeri,24,Anthurium hookeri
Anthurium vittarifolium,-1,
Anthurium forgetii,0,Anthurium forgetii
Anthurium radicans,0,Anthurium radicans
Alocasia baginda,1,Alocasia baginda
Alocasia wentii,1,Alocasia wentii
Alocasia lauterbachiana,1,Alocasia lauterbachiana
Alocasia cuprea,1,Alocasia cuprea
Alocasia sinuata,1,Alocasia sinuata
Syngonium wendlandii,8,Syngonium wendlandii
Syngonium erythrophyllum,2,Syngonium erythrophyllum
Spathiphyllum cochlearispathum,11,Spathiphyllum cochlearispathum
Aglaonema pictum,0,Aglaonema pictum
Dieffenbachia seguine (Jacq.) Schott,-1,
Caladium humboldtii,4,Caladium humboldtii
Goeppertia warscewiczii,-1,
Goeppertia ornata,0,Goeppertia ornata
Goeppertia crocata,5,Goeppertia crocata
Goeppertia veitchiana,3,Goeppertia veitchiana
Goeppertia lietzei,15,Goeppertia lietzei
Ctenanthe lubbersiana,5,Ctenanthe lubbersiana
Ctenanthe setosa,0,Ctenanthe setosa
Dracaena angolensis,162,Sansevieria cylindrica~
Dracaena masoniana,0,Dracaena masoniana
Dracaena hanningtonii,2,Sansevieria ehrenbergii~
Chlorophytum orchidastrum,4,Chlorophytum orchidastrum
Yucca gigantea Lem.,-1,
Albuca spiralis,63,Albuca spiralis
Ficus umbellata,4,Ficus umbellata
Ficus natalensis subsp. leprieurii (Miq.) Berg,-1,
Dorstenia foetida,20,Dorstenia foetida
Peperomia prostrata,4,Peperomia prostrata
Peperomia polybotrya,2,Peperomia polybotrya
Peperomia tetraphylla,556,Peperomia tetraphylla
Peperomia clusiifolia,2,Peperomia clusiifolia
Peperomia graveolens,6,Peperomia graveolens
Peperomia nivalis,9,Peperomia nivalis
Peperomia verticillata,2,Peperomia verticillata
Piper ornatum,4,Piper ornatum
Piper crocatum,2,Piper crocatum
Begonia maculata Raddi,-1,
Begonia erythrophylla,14,Begonia × erythrophylla~
Begonia metallica,0,Begonia metallica
Begonia venosa,2,Begonia venosa
Begonia listada,0,Begonia listada
Begonia amphioxus,4,Begonia amphioxus
Begonia ferox,2,Begonia ferox
Procris repens (Lour.) B.J.Conn & Hadiah,-1,
Procris repens (Lour.) B.J.Conn & Hadiah,-1,
Asplenium bulbiferum,646,Asplenium bulbiferum
Platycerium grande,5,Platycerium grande
Saribus rotundifolius (Lam.) Blume,-1,
Echeveria laui,3,Echeveria laui
Hylotelephium sieboldii (Regel) H.Ohba,-1,
Kalanchoe thyrsiflora,138,Kalanchoe thyrsiflora
Aristaloe aristata (Haw.) Boatwr. & J.C.Manning,-1,
Aloe squarrosa,1,Aloe squarrosa
Haworthia truncata,26,Haworthia truncata
Gasteria carinata var. verrucosa (Mill.) van Jaarsv.,-1,
Hatiora gaertneri,22,Rhipsalidopsis gaertneri~
Rhipsalis paradoxa,44,Rhipsalis paradoxa
Disocactus anguliger (Lem.) M.Á.Cruz & S.Arias,-1,
Euphorbia obesa,10,Euphorbia obesa
Lithops pseudotruncatella,5,Lithops pseudotruncatella
Faucaria tigrina,8,Faucaria tigrina
Conophytum bilobum,30,Conophytum bilobum
Phalaenopsis equestris,2,Phalaenopsis equestris
Dendrobium bigibbum var. superbum Rchb.f.,-1,
Paphiopedilum insigne,5,Paphiopedilum insigne
Cattleya labiata,2,Cattleya labiata
Macodes petola,8,Macodes petola
Vanda coerulea,5,Vanda coerulea
Zygopetalum maculatum,29,Zygopetalum maculatum
Tillandsia xerographica,13,Tillandsia xerographica
Hoya linearis,5,Hoya linearis
Hoya bella,3,Hoya bella
Hoya carnosa (L.fil.) R.Br.,-1,
Ceropegia sandersonii,3,Ceropegia sandersonii
Dischidia vidalii Becc.,-1,
Dischidia ruscifolia,3,Dischidia ruscifolia
Pachypodium lameri,-1,
Cyanotis somaliensis,11,Cyanotis somaliensis
Oxalis megalorrhiza,66,Oxalis megalorrhiza
Coleus australis (R.Br.) A.J.Paton,-1,
Coleus amboinicus Lour.,-1,
Salvia rosmarinus Spenn.,-1,
Aeschynanthus longicaulis,8,Aeschynanthus longicaulis
Columnea microcalyx Hanst.,-1,
Metapetrocosmea tamiana (B.L.Burtt) Yin Z.Wang & P.W.Li,-1,
Kohleria hirsuta (Kunth) Regel,-1,
Curio herreanus,7,Curio herreanus
Chrysanthemum morifolium,389,Chrysanthemum × morifolium~
Heptapleurum actinophyllum (Endl.) Lowry & G.M.Plunkett,-1,
Fatshedera lizei,3,× Fatshedera lizei~
Callianthe picta (Gillies ex Hook. & Arn.) Donnell,-1,
Callianthe megapotamica (A.Spreng.) Dorr,-1,
Anisodontea capensis,3,Anisodontea capensis
Citrus limon,527,Citrus × limon~
Citrus ×aurantium L.,-1,
Citrus aurantiifolia,79,Citrus × aurantiifolia~
Nertera granadensis,405,Nertera granadensis
Primula obconica,3,Primula obconica
Rotheca myricoides subsp. myricoides,-1,
Fittonia gigantea,2,Fittonia gigantea
Ruellia makoyana,13,Ruellia makoyana
Strobilanthes alternata (Burm.fil.) Moylan ex J.R.I.Wood,-1,
Goeppertia allouia (Aubl.) Borchs. & S.Suárez,-1,
Costus woodenii,-1,
Drosera rotundifolia,6134,Drosera rotundifolia
Nepenthes alata,10,Nepenthes alata
Nepenthes ventricosa,1,Nepenthes ventricosa
Pinguicula moranensis,168,Pinguicula moranensis
Utricularia sandersonii,4,Utricularia sandersonii
Hippeastrum hortorum,-1,
Urceolina amazonica (Linden ex Planch.) Christenh. & Byng,-1,
Scadoxus multiflorus subsp. katharinae (Baker) Friis & Nordal,-1,
Cryptostephanus vansonii,0,Cryptostephanus vansonii
Sprekelia formosissima,106,Zephyranthes formosissima~
Narcissus tazzetta,-1,
Bowiea volubilis,21,Bowiea volubilis
Dioscorea elephantipes,38,Dioscorea elephantipes
Stephania pierrei Diels,-1,
Stephania suberosa,0,Stephania suberosa
Stephania pierrei,4,Stephania pierrei
Phyllanthus mirabilis,5,Phyllanthus mirabilis
Adenia spinosa,4,Adenia spinosa
Euphorbia ritchiei (P.R.O.Bally) Bruyns,-1,
Euphorbia umbellata (Pax) Bruyns,-1,
Euphorbia tithymaloides L.,-1,
Pilea grandifolia (L.) Blume,-1,
Pilea multiflora (Poir.) Wedd.,-1,
Procris repens (Lour.) B.J.Conn & Hadiah,-1,
Peperomia maculosa,26,Peperomia maculosa
Peperomia metallica,0,Peperomia metallica
Peperomia incana,1,Peperomia incana
Peperomia fraseri,3,Peperomia fraseri
Begonia conchifolia,14,Begonia conchifolia
Begonia goegoensis,1,Begonia goegoensis
Begonia serratipetala,2,Begonia serratipetala
Calathea metallica,14,Goeppertia metallica~
Calathea lindeniana,-1,
Goeppertia louisae (Gagnep.) Borchs. & S.Suárez,-1,
Goeppertia ecuadoriana (H.Kenn.) Borchs. & S.Suárez,-1,
Goeppertia chimboracensis (Linden) Borchs. & S.Suárez,-1,
Schismatoglottis calyptrata,5,Schismatoglottis calyptrata
Schismatoglottis wallichii,3,Schismatoglottis wallichii
Homalomena rubescens,13,Homalomena rubescens
Adelonema wallisii (Regel) S.Y.Wong & Croat,-1,
Bucephalandra pygmaea,1,Bucephalandra pygmaea
Cryptocoryne wendtii,4,Cryptocoryne wendtii
Anubias barteri,4,Anubias barteri
Rhaphidophora decursiva,35,Rhaphidophora decursiva
Rhaphidophora cryptantha,2,Rhaphidophora cryptantha
Rhaphidophora hayi,58,Rhaphidophora hayi
Amydrium medium,38,Amydrium medium
Amydrium zippelianum,15,Amydrium zippelianum
Lasia spinosa,25,Lasia spinosa
Cyrtosperma johnstonii,4,Cyrtosperma johnstonii
Anadendrum microstachyum,0,Anadendrum microstachyum
Pothos chinensis,359,Pothos chinensis
Pothos scandens,181,Pothos scandens
Remusatia vivipara,41,Remusatia vivipara
Typhonium blumei,140,Typhonium blumei
Chamaedorea metallica,3,Chamaedorea metallica
Chamaedorea microspadix,5,Chamaedorea microspadix
Chamaedorea radicalis,7,Chamaedorea radicalis
Geonoma epetiolata,2,Geonoma epetiolata
Iguanura wallichiana,0,Iguanura wallichiana
Kerriodoxa elegans,4,Kerriodoxa elegans
Aiphanes horrida,43,Aiphanes horrida
Pachypodium geayi,31,Pachypodium geayi
Pachypodium brevicaule,19,Pachypodium brevicaule
Euphorbia abdelkuri,0,Euphorbia abdelkuri
Euphorbia ambovombensis,0,Euphorbia ambovombensis
Euphorbia decaryi var. decaryi,-1,
Euphorbia decaryi,4,Euphorbia decaryi
Euphorbia cylindrifolia,3,Euphorbia cylindrifolia
Euphorbia suzannae,6,Euphorbia susannae~
