espece_plantnet,noms_du_depot,origine,photos_plantnet,photos_libres,dont_plante_entiere,verdict,note,cle_gbif
Begonia rex,Begonia rex,quatorze,4491,4491,83,propre,,4156721
Phalaenopsis amabilis,Phalaenopsis amabilis,quatorze,3089,3092,64,propre,"surtout des hybrides du commerce, ce que photographient les utilisateurs",5311007
Alocasia sanderiana,Alocasia amazonica,quatorze,2573,2573,23,propre,,5329946
Scadoxus multiflorus,Scadoxus multiflorus,rattrapage,1835,1831,77,propre,,2860677
Faucaria tigrina,Faucaria tigrina,a_collecter,1166,1157,109,propre,,3703460
Rotheca myricoides,Rotheca myricoides,rattrapage,1126,1126,52,propre,,7307157
Goeppertia rufibarba,Goeppertia rufibarba,catalogue_app,1041,1041,22,propre,,8260770
Peperomia ferreyrae,Peperomia ferreyrae,catalogue_app,1011,1011,23,propre,,4186501
Strobilanthes alternata,Hemigraphis alternata,catalogue_app,960,954,40,propre,,8297383
Goeppertia orbifolia,Calathea orbifolia | Goeppertia orbifolia,catalogue_app / quatorze,786,787,9,propre,,7476815
Begonia bowerae,Begonia bowerae,catalogue_app,711,711,30,propre,,7303280
Gynura aurantiaca,Gynura aurantiaca,quatorze,677,678,43,propre,,3115470
Pilea mollis,Pilea mollis,catalogue_app,588,588,7,propre,,5670312
Goeppertia ornata,Goeppertia ornata,a_collecter,526,527,8,propre,,7977204
Alocasia reginula,Alocasia reginula,catalogue_app,524,524,1,propre,,5329895
Anthurium clarinervium,Anthurium clarinervium,quatorze,498,498,6,propre,,2872501
Euphorbia obesa,Euphorbia obesa,a_collecter,457,457,19,propre,,4930719
Anisodontea capensis,Anisodontea capensis,a_collecter,449,449,29,propre,,3940873
Chlorophytum orchidastrum,Chlorophytum orchidastrum,a_collecter,424,424,16,propre,,2774517
Goeppertia crocata,Goeppertia crocata,a_collecter,422,422,21,propre,,7401775
Cryptanthus zonatus,Cryptanthus zonatus,catalogue_app,404,404,7,propre,,10950218
Philodendron hastatum,Philodendron hastatum,a_collecter,379,379,8,propre,,2871100
Vanda coerulea,Vanda coerulea,a_collecter,369,365,19,propre,hybrides de Vanda mêlés,2783163
Primula obconica,Primula obconica,a_collecter,338,337,8,propre,,7290874
Goeppertia kegeljanii,Goeppertia kegeljanii,rattrapage,307,307,7,propre,,9503637
Alocasia zebrina,Alocasia zebrina,quatorze,285,285,17,propre,,11344748
Syngonium wendlandii,Syngonium wendlandii,a_collecter,262,262,3,propre,,2867865
Aeschynanthus longicaulis,Aeschynanthus longicaulis,a_collecter,243,243,8,propre,,3825597
Nepenthes alata,Nepenthes alata,a_collecter,233,233,19,propre,hybrides de Nepenthes mêlés,3702270
Euphorbia decaryi,Euphorbia decaryi,a_collecter,178,178,13,propre,,3068904
Tillandsia bulbosa,Tillandsia bulbosa,catalogue_app,170,149,14,propre,,2695645
Hippeastrum vittatum,Hippeastrum vittatum,quatorze,146,146,2,propre,surtout des hybrides d'amaryllis,2854588
Pilea multiflora,Pilea glaucophylla,catalogue_app,131,131,6,propre,,5670242
Tillandsia xerographica,Tillandsia xerographica,a_collecter,129,129,5,propre,,2695364
Pachyphytum oviferum,Pachyphytum oviferum,quatorze,117,118,63,propre,,4202469
Begonia listada,Begonia listada,a_collecter,115,114,3,propre,,4157039
Ctenanthe lubbersiana,Ctenanthe lubbersiana,a_collecter,112,112,4,propre,,2762435
Goeppertia lietzei,Goeppertia lietzei,a_collecter,107,107,2,propre,,9578489
Anthurium veitchii,Anthurium veitchii,a_collecter,104,104,4,propre,,2873417
Anthurium warocqueanum,Anthurium warocqueanum,a_collecter,103,103,20,propre,,2873559
Peperomia prostrata,Peperomia prostrata,a_collecter,98,98,4,propre,,10776468
Scindapsus treubii,Scindapsus treubii,a_collecter,92,92,2,propre,,2873707
Hoya linearis,Hoya linearis,a_collecter,81,80,4,propre,,7410932
Piper ornatum,Piper ornatum,a_collecter,79,79,4,propre,,3086329
Dorstenia foetida,Dorstenia foetida,a_collecter,75,75,4,propre,,7262610
Peperomia argyraea,Peperomia argyraea,rattrapage/quatorze,75,75,1,propre,,12251984
Begonia amphioxus,Begonia amphioxus,a_collecter,73,73,3,propre,,4159185
Philodendron billietiae,Philodendron billietiae,a_collecter,71,71,3,propre,,2870818
Philodendron tortum,Philodendron tortum,a_collecter,62,62,1,propre,,2870881
Hoya multiflora,Hoya multiflora,catalogue_app,59,59,4,propre,,3573230
Adelonema wallisii,Homalomena wallisii,catalogue_app,57,56,0,propre,,9255776
Cryptocoryne wendtii,Cryptocoryne wendtii,a_collecter,53,52,3,propre,,2869214
Alocasia odora,Alocasia odora,catalogue_app,51,50,9,propre,,9506227
Euphorbia cylindrifolia,Euphorbia cylindrifolia,a_collecter,47,47,7,propre,,3070377
Begonia conchifolia,Begonia conchifolia,a_collecter,46,46,1,propre,,7303439
Brassia verrucosa,Brassia verrucosa,catalogue_app,48,41,2,propre,,5323864
Begonia ferox,Begonia ferox,a_collecter,35,35,1,propre,,9340381
Cattleya labiata,Cattleya labiata,a_collecter,34,34,1,propre,hybrides mêlés ; une photo avec un visage,2801162
Begonia serratipetala,Begonia serratipetala,a_collecter,36,33,4,propre,,4157972
Rhaphidophora cryptantha,Rhaphidophora cryptantha,a_collecter,31,31,2,propre,,5329650
Columnea microcalyx,Columnea gloriosa,quatorze,29,29,2,propre,,6365214
Peperomia incana,Peperomia incana,a_collecter,25,25,3,propre,,8049505
Philodendron xanadu,Philodendron xanadu,catalogue_app,2361,2361,69,à filtrer,"mêlé de Philodendron bipinnatifidum, déjà classe du modèle",9669385
Ctenanthe setosa,Ctenanthe setosa,a_collecter,2105,2106,37,à filtrer,erreurs visibles sur 6 photos,2762422
Rhipsalidopsis gaertneri,Hatiora gaertneri,a_collecter,1124,1124,21,à filtrer,erreurs visibles sur 6 photos,7280947
Philodendron giganteum,Philodendron giganteum,catalogue_app,906,890,54,à filtrer,erreurs visibles sur 6 photos,2870862
Lithops pseudotruncatella,Lithops pseudotruncatella,a_collecter,875,875,19,à filtrer,erreurs visibles sur 6 photos,7329176
Urceolina amazonica,Eucharis amazonica,catalogue_app,871,871,19,à filtrer,erreurs visibles sur 6 photos,10989209
Cyanotis somaliensis,Cyanotis somaliensis,a_collecter,572,572,7,à filtrer,erreurs visibles sur 6 photos,5303359
Curio herreanus,Curio herreanus,a_collecter,553,553,10,à filtrer,erreurs visibles sur 6 photos,3149664
Paphiopedilum insigne,Paphiopedilum insigne,a_collecter,470,469,12,à filtrer,erreurs visibles sur 6 photos,2825576
Alocasia baginda,Alocasia baginda,a_collecter,452,452,8,à filtrer,erreurs visibles sur 6 photos,8316200
Goeppertia louisae,Calathea louisae,catalogue_app,437,437,22,à filtrer,erreurs visibles sur 6 photos,9431418
Philodendron melanochrysum,Philodendron melanochrysum,a_collecter,370,369,11,à filtrer,erreurs visibles sur 6 photos,2871241
Procris repens,Pellionia daveauana | Pellionia pulchra | Pellionia repens,catalogue_app,367,367,8,à filtrer,erreurs visibles sur 6 photos,7916114
Lutheria splendens,Lutheria splendens,catalogue_app,349,350,21,à filtrer,erreurs visibles sur 6 photos,9523461
Goeppertia warszewiczii,Goeppertia warszewiczii,rattrapage,357,339,16,à filtrer,erreurs visibles sur 6 photos,9467672
Dendrobium bigibbum,Dendrobium bigibbum,rattrapage,307,306,18,à filtrer,erreurs visibles sur 6 photos,5315699
Dendrobium kingianum,Dendrobium kingianum,catalogue_app,277,277,12,à filtrer,erreurs visibles sur 6 photos,5316009
Anthurium crystallinum,Anthurium crystallinum,catalogue_app,249,249,8,à filtrer,erreurs visibles sur 6 photos,2872232
Ceropegia sandersonii,Ceropegia sandersonii,a_collecter,210,210,3,à filtrer,erreurs visibles sur 6 photos,7837855
Philodendron mayoi,Philodendron mayoi,catalogue_app,183,183,1,à filtrer,erreurs visibles sur 6 photos,2871293
Haworthia truncata,Haworthia truncata,a_collecter,171,171,16,à filtrer,erreurs visibles sur 6 photos,8097702
Hoya lacunosa,Hoya lacunosa,catalogue_app,171,171,3,à filtrer,erreurs visibles sur 6 photos,3573874
Tillandsia caput-medusae,Tillandsia caput-medusae,catalogue_app,160,160,7,à filtrer,erreurs visibles sur 6 photos,2695451
Ravenea rivularis,Ravenea rivularis,quatorze,114,114,15,à filtrer,erreurs visibles sur 6 photos,2739031
Hoya wayetii,Hoya wayetii,catalogue_app,94,94,6,à filtrer,erreurs visibles sur 6 photos,3571594
× Fatshedera lizei,× Fatshedera lizei,rattrapage,86,86,9,à filtrer,erreurs visibles sur 6 photos,3597552
Philodendron brandtianum,Philodendron brandtianum,a_collecter,70,70,2,à filtrer,erreurs visibles sur 6 photos,2870671
Ficus umbellata,Ficus umbellata,a_collecter,69,69,4,à filtrer,erreurs visibles sur 6 photos,5571957
Dischidia ruscifolia,Dischidia ruscifolia,a_collecter,66,66,4,à filtrer,erreurs visibles sur 6 photos,7656154
Hoya bella,Hoya bella,a_collecter,63,63,3,à filtrer,erreurs visibles sur 6 photos,3575282
Begonia venosa,Begonia venosa,a_collecter,59,59,5,à filtrer,erreurs visibles sur 6 photos,4157897
Macodes petola,Macodes petola,a_collecter,58,45,2,à filtrer,erreurs visibles sur 6 photos,2804641
Aglaonema pictum,Aglaonema pictum,a_collecter,45,44,2,à filtrer,erreurs visibles sur 6 photos,2866460
Fittonia gigantea,Fittonia gigantea,a_collecter,44,44,4,à filtrer,erreurs visibles sur 6 photos,5574499
Anthurium magnificum,Anthurium magnificum,catalogue_app,42,42,1,à filtrer,erreurs visibles sur 6 photos,2872520
Caladium humboldtii,Caladium humboldtii,a_collecter,41,41,0,à filtrer,erreurs visibles sur 6 photos,2868514
Philodendron atabapoense,Philodendron atabapoense,a_collecter,32,32,5,à filtrer,erreurs visibles sur 6 photos,2871146
Chamaedorea radicalis,Chamaedorea radicalis,a_collecter,32,32,2,à filtrer,erreurs visibles sur 6 photos,2734396
Anthurium scherzerianum,Anthurium scherzerianum,catalogue_app,5048,5049,120,à écarter,"presque tout Anthurium andraeanum, déjà classe du modèle",2873525
Spathiphyllum floribundum,Spathiphyllum floribundum,catalogue_app,2531,2534,56,à écarter,"mêmes photos que Spathiphyllum wallisii, déjà classe du modèle",2869650
Citrus medica,Citrus limon,a_collecter,1716,1697,38,à écarter,Pl@ntNet y range le citronnier : collision avec citrus-x-limon,3190157
Syngonium auritum,Syngonium auritum,catalogue_app,1529,1524,46,à écarter,"mêlé de Syngonium podophyllum, déjà classe du modèle",2867841
Peperomia polybotrya,Peperomia polybotrya,a_collecter,1336,1336,31,à écarter,"mêlé de Pilea peperomioides, déjà classe du modèle",4186205
Philodendron burle-marxii,Philodendron burle-marxii,a_collecter,1197,1198,28,à écarter,majorité d'erreurs sur 6 photos,2871159
Rhaphidophora tetrasperma,Rhaphidophora tetrasperma,quatorze,826,829,11,à écarter,environ la moitié sont de jeunes Monstera deliciosa,5329745
Alocasia wentii,Alocasia wentii,a_collecter,598,598,20,à écarter,majorité d'erreurs sur 6 photos,5329957
Anthurium hookeri,Anthurium hookeri,a_collecter,527,524,29,à écarter,majorité d'erreurs sur 6 photos,2872293
Peperomia verticillata,Peperomia verticillata,a_collecter,509,508,20,à écarter,majorité d'erreurs sur 6 photos,8040674
Peperomia clusiifolia,Peperomia clusiifolia,a_collecter,496,496,14,à écarter,"mêlé de Peperomia obtusifolia, déjà classe du modèle",4184364
Ruellia makoyana,Ruellia makoyana,a_collecter,459,459,20,à écarter,majorité d'erreurs sur 6 photos,8029019
Dracaena masoniana,Dracaena masoniana,a_collecter,453,453,18,à écarter,majorité d'erreurs sur 6 photos,10956312
Aglaonema modestum,Aglaonema modestum,catalogue_app,421,421,5,à écarter,majorité d'erreurs sur 6 photos,2866488
Philodendron squamiferum,Philodendron squamiferum,a_collecter,428,418,12,à écarter,majorité d'erreurs sur 6 photos,2870698
Homalomena rubescens,Homalomena rubescens,a_collecter,348,348,12,à écarter,majorité d'erreurs sur 6 photos,2868726
Ficus natalensis,Ficus natalensis,rattrapage,242,242,10,à écarter,arbres d'extérieur mêlés ; sous-taxon écarté au § 13,6358688
Echeveria laui,Echeveria laui,a_collecter,238,238,12,à écarter,majorité d'erreurs sur 6 photos,4200940
Peperomia graveolens,Peperomia graveolens,a_collecter,231,231,3,à écarter,majorité d'erreurs sur 6 photos,4183917
Dracaena hanningtonii,Dracaena hanningtonii,a_collecter,201,200,14,à écarter,majorité d'erreurs sur 6 photos,5303896
Alocasia lauterbachiana,Alocasia lauterbachiana,a_collecter,147,147,4,à écarter,majorité d'erreurs sur 6 photos,5329877
Begonia incarnata,Begonia metallica,a_collecter,113,113,8,à écarter,majorité d'erreurs sur 6 photos,7303486
Pelargonium grandiflorum,Pelargonium grandiflorum,catalogue_app,110,110,8,à écarter,majorité d'erreurs sur 6 photos,3827422
Chamaedorea metallica,Chamaedorea metallica,a_collecter,109,108,6,à écarter,majorité d'erreurs sur 6 photos,2734536
Anubias barteri,Anubias barteri,a_collecter,76,76,4,à écarter,majorité d'erreurs sur 6 photos,2871871
Saribus rotundifolius,Livistona rotundifolia,catalogue_app,75,74,12,à écarter,majorité d'erreurs sur 6 photos,2733431
Monstera standleyana,Monstera standleyana,a_collecter,89,68,3,à écarter,majorité d'erreurs sur 6 photos,2868231
Euphorbia suzannae-marnierae,Euphorbia suzannae,a_collecter,59,59,0,à écarter,majorité d'erreurs sur 6 photos,3067858
Chamaedorea microspadix,Chamaedorea microspadix,a_collecter,51,51,1,à écarter,majorité d'erreurs sur 6 photos,2734713
Begonia goegoensis,Begonia goegoensis,a_collecter,50,48,4,à écarter,majorité d'erreurs sur 6 photos,4157921
Philodendron tripartitum,Philodendron tripartitum,a_collecter,74,43,5,à écarter,majorité d'erreurs sur 6 photos,2870748
Kerriodoxa elegans,Kerriodoxa elegans,a_collecter,33,33,3,à écarter,majorité d'erreurs sur 6 photos,2732373
Syngonium erythrophyllum,Syngonium erythrophyllum,a_collecter,31,31,3,à écarter,"surtout Syngonium podophyllum rose, déjà classe du modèle",2867864
Epipremnum amplissimum,Epipremnum amplissimum,a_collecter,28,28,2,à écarter,majorité d'erreurs sur 6 photos,2868312
Pachypodium brevicaule,Pachypodium brevicaule,a_collecter,24,24,5,trop peu,moins de 25 photos libres,7155422
Anthurium forgetii,Anthurium forgetii,a_collecter,23,23,1,trop peu,moins de 25 photos libres,2873656
Peperomia nivalis,Peperomia nivalis,a_collecter,23,23,2,trop peu,moins de 25 photos libres,7305985
Hoya curtisii,Hoya curtisii,catalogue_app,23,23,3,trop peu,moins de 25 photos libres,3574763
Alocasia sinuata,Alocasia sinuata,a_collecter,22,22,0,trop peu,moins de 25 photos libres,5329859
Aloe squarrosa,Aloe squarrosa,a_collecter,22,22,1,trop peu,moins de 25 photos libres,2778154
Phalaenopsis equestris,Phalaenopsis equestris,a_collecter,21,21,0,trop peu,moins de 25 photos libres,5310951
Stephania pierrei,Stephania pierrei,a_collecter,21,21,5,trop peu,moins de 25 photos libres,5592774
Philodendron rugosum,Philodendron rugosum,a_collecter,20,20,0,trop peu,moins de 25 photos libres,2870871
Begonia pavonina,Begonia pavonina,catalogue_app,30,20,4,trop peu,moins de 25 photos libres,4158827
Gomesa flexuosa,Oncidium flexuosum,catalogue_app,20,20,2,trop peu,moins de 25 photos libres,5826472
Goeppertia veitchiana,Goeppertia veitchiana,a_collecter,18,18,2,trop peu,moins de 25 photos libres,8146589
Piper crocatum,Piper crocatum,a_collecter,18,18,0,trop peu,moins de 25 photos libres,7305692
Dischidia vidalii,Dischidia pectenoides,catalogue_app,18,18,4,trop peu,moins de 25 photos libres,8017070
Metapetrocosmea tamiana,Chirita tamiana,catalogue_app,18,18,2,trop peu,moins de 25 photos libres,12260221
Schismatoglottis calyptrata,Schismatoglottis calyptrata,a_collecter,17,17,4,trop peu,moins de 25 photos libres,2867982
Euphorbia ambovombensis,Euphorbia ambovombensis,a_collecter,17,17,3,trop peu,moins de 25 photos libres,3065816
Philodendron camposportoanum,Philodendron camposportoanum,catalogue_app,17,17,0,trop peu,moins de 25 photos libres,2871001
Schismatoglottis wallichii,Schismatoglottis wallichii,a_collecter,16,16,1,trop peu,moins de 25 photos libres,2868039
Euphorbia abdelkuri,Euphorbia abdelkuri,a_collecter,15,15,3,trop peu,moins de 25 photos libres,3069740
Goeppertia allouia,Calathea allouia,catalogue_app,21,15,0,trop peu,moins de 25 photos libres,8107795
Anthurium radicans,Anthurium radicans,a_collecter,14,14,0,trop peu,moins de 25 photos libres,2872788
Spathiphyllum cochlearispathum,Spathiphyllum cochlearispathum,a_collecter,12,12,0,trop peu,moins de 25 photos libres,2869661
Monstera subpinnata,Monstera subpinnata,a_collecter,11,11,0,trop peu,moins de 25 photos libres,2868129
Peperomia fraseri,Peperomia fraseri,a_collecter,11,11,2,trop peu,moins de 25 photos libres,7305086
Adenia spinosa,Adenia spinosa,a_collecter,10,10,4,trop peu,moins de 25 photos libres,5527612
Nepenthes ventricosa,Nepenthes ventricosa,a_collecter,9,9,1,trop peu,moins de 25 photos libres,3702158
Phyllanthus mirabilis,Phyllanthus mirabilis,a_collecter,9,9,0,trop peu,moins de 25 photos libres,5381921
Anthurium luxurians,Anthurium luxurians,catalogue_app,9,9,0,trop peu,moins de 25 photos libres,2872804
Hoya obovata,Hoya obovata,catalogue_app,8,8,0,trop peu,moins de 25 photos libres,3573084
Anthurium regale,Anthurium regale,catalogue_app,8,8,0,trop peu,moins de 25 photos libres,2873074
Platycerium grande,Platycerium grande,a_collecter,7,7,2,trop peu,moins de 25 photos libres,8655717
Monstera acuminata,Monstera acuminata,catalogue_app,7,7,1,trop peu,moins de 25 photos libres,2868214
Phalaenopsis aphrodite,Phalaenopsis aphrodite,catalogue_app,6,6,0,trop peu,moins de 25 photos libres,5311033
Alocasia cuprea,Alocasia cuprea,a_collecter,5,5,1,trop peu,moins de 25 photos libres,5329958
Iguanura wallichiana,Iguanura wallichiana,a_collecter,5,5,1,trop peu,moins de 25 photos libres,7933984
Amydrium zippelianum,Amydrium zippelianum,a_collecter,4,4,0,trop peu,moins de 25 photos libres,2870249
Utricularia sandersonii,Utricularia sandersonii,a_collecter,4,3,0,trop peu,moins de 25 photos libres,4088290
Pilea ovalis,Pilea ovalis,catalogue_app,3,3,1,trop peu,moins de 25 photos libres,5669908
Stephania suberosa,Stephania suberosa,a_collecter,2,2,1,trop peu,moins de 25 photos libres,5592748
Peperomia metallica,Peperomia metallica,a_collecter,2,2,0,trop peu,moins de 25 photos libres,4184843
Cyrtosperma johnstonii,Cyrtosperma johnstonii,a_collecter,2,2,0,trop peu,moins de 25 photos libres,2871907
Geonoma epetiolata,Geonoma epetiolata,a_collecter,2,0,0,trop peu,moins de 25 photos libres,2734364
Dieffenbachia seguine,Dieffenbachia maculata,catalogue_app,11167,11104,210,déjà dans le modèle,déjà classe `dieffenbachia-seguine`,2869345
Hoya carnosa,Hoya compacta,catalogue_app,6350,6351,113,déjà dans le modèle,déjà classe `hoya-carnosa`,8658195
Heptapleurum actinophyllum,Schefflera actinophylla,catalogue_app,5844,5791,295,déjà dans le modèle,déjà classe `heptapleurum-actinophyllum`,11008739
Coleus amboinicus,Plectranthus amboinicus,catalogue_app,5472,5473,130,déjà dans le modèle,déjà classe `coleus-amboinicus`,5341313
Callianthe picta,Abutilon pictum,catalogue_app,3849,3851,127,déjà dans le modèle,déjà classe `callianthe-picta`,7900084
Callianthe megapotamica,Abutilon megapotamicum,catalogue_app,3372,3355,90,déjà dans le modèle,déjà classe `callianthe-megapotamica`,8220878
Philodendron hederaceum,Philodendron micans,catalogue_app,3269,3250,45,déjà dans le modèle,déjà classe `philodendron-hederaceum`,2871003
Dracaena angolensis,Dracaena angolensis,a_collecter,2361,2360,99,déjà dans le modèle,déjà classe `sansevieria-cylindrica`,10961470
Peperomia serpens,Peperomia scandens,catalogue_app,2037,2027,32,déjà dans le modèle,déjà classe `peperomia-serpens`,7727798
Coleus australis,Plectranthus australis,catalogue_app,266,249,15,déjà dans le modèle,déjà classe `coleus-australis`,10030768
,Alocasia stingray,,,,,absente de Pl@ntNet,"hybride, cultivar ou nom introuvable",
,Anadendrum microstachyum,,,,,absente de Pl@ntNet,"hybride, cultivar ou nom introuvable",
,Anthurium vittarifolium,,,,,nom corrigé,voir Anthurium vittariifolium (5 photos),
,Begonia corallina,,,,,absente de Pl@ntNet,"hybride, cultivar ou nom introuvable",
,Begonia erythrophylla,,,,,absente de Pl@ntNet,"hybride, cultivar ou nom introuvable",
,Bucephalandra pygmaea,,,,,absente de Pl@ntNet,"hybride, cultivar ou nom introuvable",
,Calathea chimboracensis,,,,,absente de Pl@ntNet,"hybride, cultivar ou nom introuvable",
,Calathea ecuadoriana,,,,,absente de Pl@ntNet,"hybride, cultivar ou nom introuvable",
,Calathea lindeniana,,,,,absente de Pl@ntNet,"hybride, cultivar ou nom introuvable",
,Calathea metallica,,,,,absente de Pl@ntNet,"hybride, cultivar ou nom introuvable",
,Cambria hybrida,,,,,absente de Pl@ntNet,"hybride, cultivar ou nom introuvable",
,Chrysanthemum morifolium,,,,,nom corrigé,voir chrysanthemum-x-morifolium (classe du modèle),
,Citrus aurantiifolia,,,,,absente de Pl@ntNet,"hybride, cultivar ou nom introuvable",
,Clerodendrum ugandense,,,,,nom corrigé,voir Rotheca myricoides,
,Columnea gloria,,,,,absente de Pl@ntNet,"hybride, cultivar ou nom introuvable",
,Costus woodenii,,,,,nom corrigé,voir costus-woodsonii (classe du modèle),
,Cryptostephanus vansonii,,,,,absente de Pl@ntNet,"hybride, cultivar ou nom introuvable",
,Cymbidium hybrida,,,,,absente de Pl@ntNet,"hybride, cultivar ou nom introuvable",
,Cymbidium hybridum,,,,,absente de Pl@ntNet,"hybride, cultivar ou nom introuvable",
,Dendrobium phalaenopsis,,,,,nom corrigé,voir Dendrobium bigibbum,
,Fatshedera lizei,,,,,nom corrigé,voir × Fatshedera lizei,
,Ficus triangularis,,,,,nom corrigé,voir Ficus natalensis,
,Goeppertia musaica,,,,,nom corrigé,voir Goeppertia kegeljanii,
,Goeppertia warscewiczii,,,,,nom corrigé,voir Goeppertia warszewiczii,
,Haemanthus katharinae,,,,,nom corrigé,voir Scadoxus multiflorus,
,Hippeastrum hortorum,,,,,absente de Pl@ntNet,"hybride, cultivar ou nom introuvable",
,Hoya tsiangiana,,,,,absente de Pl@ntNet,"hybride, cultivar ou nom introuvable",
,Kohleria eriantha,,,,,absente de Pl@ntNet,"hybride, cultivar ou nom introuvable",
,Miltoniopsis hybrida,,,,,absente de Pl@ntNet,"hybride, cultivar ou nom introuvable",
,Monstera esqueleto,,,,,absente de Pl@ntNet,"hybride, cultivar ou nom introuvable",
,Narcissus tazzetta,,,,,nom corrigé,voir narcissus-tazetta (classe du modèle),
,Pachypodium lameri,,,,,nom corrigé,voir pachypodium-lamerei (classe du modèle),
,Peperomia argyreia,,,,,nom corrigé,voir Peperomia argyraea,
,Philodendron birkin,,,,,absente de Pl@ntNet,"hybride, cultivar ou nom introuvable",
,Philodendron domesticum,,,,,absente de Pl@ntNet,"hybride, cultivar ou nom introuvable",
,Philodendron patriot,,,,,absente de Pl@ntNet,"hybride, cultivar ou nom introuvable",
,Pilea meyeniana,,,,,absente de Pl@ntNet,"hybride, cultivar ou nom introuvable",
,Scindapsus officinalis,,,,,absente de Pl@ntNet,"hybride, cultivar ou nom introuvable",
,Streptocarpus cultivar,,,,,absente de Pl@ntNet,"hybride, cultivar ou nom introuvable",
,Yucca elephantipes,,,,,nom corrigé,voir yucca-gigantea (classe du modèle),
